{
 "seeds_target": 312,
 "cells_done": 1248,
 "n_sims": 4992,
 "per_scenario": {
  "activation|V0 naive": {
   "n": 312,
   "loss_runs": 312,
   "loss_rate": 1.0,
   "loss_rate_upper95": 1.0,
   "exposure_mean": 326636.0705128205,
   "exposure_p95": 402166.75,
   "floor_min_worst": 0,
   "floor_min_mean": 0.0
  },
  "activation|V1 damped": {
   "n": 312,
   "loss_runs": 96,
   "loss_rate": 0.3076923076923077,
   "loss_rate_upper95": 0.35890606892900173,
   "exposure_mean": 20131.01923076923,
   "exposure_p95": 36455.65,
   "floor_min_worst": 0,
   "floor_min_mean": 1.1217948717948718
  },
  "activation|V2 damped+jitter": {
   "n": 312,
   "loss_runs": 112,
   "loss_rate": 0.358974358974359,
   "loss_rate_upper95": 0.412203344539846,
   "exposure_mean": 21126.25641025641,
   "exposure_p95": 36179.65,
   "floor_min_worst": 0,
   "floor_min_mean": 1.0192307692307692
  },
  "activation|V3 full (polite shrink)": {
   "n": 312,
   "loss_runs": 0,
   "loss_rate": 0.0,
   "loss_rate_upper95": 0.009615384615384616,
   "exposure_mean": 0.0,
   "exposure_p95": 0.0,
   "floor_min_worst": 5,
   "floor_min_mean": 5.0
  },
  "storm|V0 naive": {
   "n": 312,
   "loss_runs": 297,
   "loss_rate": 0.9519230769230769,
   "loss_rate_upper95": 0.9756612905857049,
   "exposure_mean": 222213.90384615384,
   "exposure_p95": 297840.95,
   "floor_min_worst": 0,
   "floor_min_mean": 0.09615384615384616
  },
  "storm|V1 damped": {
   "n": 312,
   "loss_runs": 74,
   "loss_rate": 0.23717948717948717,
   "loss_rate_upper95": 0.2843780221782571,
   "exposure_mean": 30548.772435897437,
   "exposure_p95": 57043.549999999996,
   "floor_min_worst": 0,
   "floor_min_mean": 1.564102564102564
  },
  "storm|V2 damped+jitter": {
   "n": 312,
   "loss_runs": 55,
   "loss_rate": 0.1762820512820513,
   "loss_rate_upper95": 0.21856566403290448,
   "exposure_mean": 29718.97435897436,
   "exposure_p95": 58016.55,
   "floor_min_worst": 0,
   "floor_min_mean": 1.733974358974359
  },
  "storm|V3 full (polite shrink)": {
   "n": 312,
   "loss_runs": 0,
   "loss_rate": 0.0,
   "loss_rate_upper95": 0.009615384615384616,
   "exposure_mean": 7934.717948717948,
   "exposure_p95": 20476.099999999988,
   "floor_min_worst": 1,
   "floor_min_mean": 3.4775641025641026
  },
  "churn|V0 naive": {
   "n": 312,
   "loss_runs": 307,
   "loss_rate": 0.9839743589743589,
   "loss_rate_upper95": 0.9979084412397263,
   "exposure_mean": 262772.8878205128,
   "exposure_p95": 332503.05,
   "floor_min_worst": 0,
   "floor_min_mean": 0.02564102564102564
  },
  "churn|V1 damped": {
   "n": 312,
   "loss_runs": 101,
   "loss_rate": 0.32371794871794873,
   "loss_rate_upper95": 0.375636921920445,
   "exposure_mean": 40836.1891025641,
   "exposure_p95": 63284.2,
   "floor_min_worst": 0,
   "floor_min_mean": 1.2820512820512822
  },
  "churn|V2 damped+jitter": {
   "n": 312,
   "loss_runs": 103,
   "loss_rate": 0.3301282051282051,
   "loss_rate_upper95": 0.38230963023037423,
   "exposure_mean": 39528.20192307692,
   "exposure_p95": 63723.4,
   "floor_min_worst": 0,
   "floor_min_mean": 1.3429487179487178
  },
  "churn|V3 full (polite shrink)": {
   "n": 312,
   "loss_runs": 0,
   "loss_rate": 0.0,
   "loss_rate_upper95": 0.009615384615384616,
   "exposure_mean": 10729.871794871795,
   "exposure_p95": 22610.85,
   "floor_min_worst": 3,
   "floor_min_mean": 3.855769230769231
  },
  "flashcrowd|V0 naive": {
   "n": 312,
   "loss_runs": 281,
   "loss_rate": 0.9006410256410257,
   "loss_rate_upper95": 0.9338349184485202,
   "exposure_mean": 191893.15064102566,
   "exposure_p95": 254115.95,
   "floor_min_worst": 0,
   "floor_min_mean": 0.15384615384615385
  },
  "flashcrowd|V1 damped": {
   "n": 312,
   "loss_runs": 29,
   "loss_rate": 0.09294871794871795,
   "loss_rate_upper95": 0.12516803993674236,
   "exposure_mean": 9691.820512820514,
   "exposure_p95": 20900.75,
   "floor_min_worst": 0,
   "floor_min_mean": 2.394230769230769
  },
  "flashcrowd|V2 damped+jitter": {
   "n": 312,
   "loss_runs": 33,
   "loss_rate": 0.10576923076923077,
   "loss_rate_upper95": 0.1398950630420316,
   "exposure_mean": 9753.53205128205,
   "exposure_p95": 20705.25,
   "floor_min_worst": 0,
   "floor_min_mean": 2.41025641025641
  },
  "flashcrowd|V3 full (polite shrink)": {
   "n": 312,
   "loss_runs": 0,
   "loss_rate": 0.0,
   "loss_rate_upper95": 0.009615384615384616,
   "exposure_mean": 0.0,
   "exposure_p95": 0.0,
   "floor_min_worst": 5,
   "floor_min_mean": 5.0256410256410255
  }
 },
 "pooled": {
  "V0 naive": {
   "n": 1248,
   "loss_runs": 1197,
   "loss_rate": 0.9591346153846154,
   "loss_rate_upper95": 0.9701187628952996,
   "exposure_mean": 250879.00320512822,
   "exposure_p95": 393775.6,
   "floor_min_worst": 0,
   "floor_min_mean": 0.06891025641025642
  },
  "V1 damped": {
   "n": 1248,
   "loss_runs": 300,
   "loss_rate": 0.2403846153846154,
   "loss_rate_upper95": 0.26409283760928814,
   "exposure_mean": 25301.95032051282,
   "exposure_p95": 57201.35,
   "floor_min_worst": 0,
   "floor_min_mean": 1.5905448717948718
  },
  "V2 damped+jitter": {
   "n": 1248,
   "loss_runs": 303,
   "loss_rate": 0.24278846153846154,
   "loss_rate_upper95": 0.2665772000124096,
   "exposure_mean": 25031.741185897437,
   "exposure_p95": 56353.49999999997,
   "floor_min_worst": 0,
   "floor_min_mean": 1.626602564102564
  },
  "V3 full (polite shrink)": {
   "n": 1248,
   "loss_runs": 0,
   "loss_rate": 0.0,
   "loss_rate_upper95": 0.002403846153846154,
   "exposure_mean": 4666.147435897436,
   "exposure_p95": 18398.499999999996,
   "floor_min_worst": 1,
   "floor_min_mean": 4.339743589743589
  }
 }
}